{
    "loss": 0.3387763500213623,
    "accuracy": 0.8561151027679443
}