{
    "loss": 1.67695152759552,
    "accuracy": 0.6618704795837402
}