{
    "loss": 19.420150756835938,
    "accuracy": 0.48201438784599304
}