{
    "loss": 22.75299835205078,
    "accuracy": 0.5035971403121948
}