{
    "loss": 2.3938004970550537,
    "accuracy": 0.5539568066596985
}